,China Production Index Machinery & Electricals,China  Shipments Index Machinery & Electricals,France Production Index Machinery & Electricals,France Shipments Index Machinery & Electricals,Germany Production Index Machinery & Electricals,Germany Shipments Index Machinery & Electricals,Italy Production Index Machinery & Electricals,Italy Shipments Index Machinery & Electricals,Japan Production Index Machinery & Electricals,Japan Shipments Index Machinery & Electricals,Switzerland Production Index Machinery & Electricals,Switzerland Shipments Index Machinery & Electricals,United Kingdom Production Index Machinery & Electricals,United Kingdom Shipments Index Machinery & Electricals,United States Production Index Machinery & Electricals,United States Shipments Index Machinery & Electricals,Europe Production Index Machinery & Electricals,Europe Shipments Index Machinery & Electricals,World: Price of Base Metals,World: Price of Energy,World: Price of Metals & Minerals,World: Price of Natural gas index,"World: Price of Crude oil, average",World: Price of Copper,United States: EUR in LCU,Producer Prices United States: Electrical equipment,Producer Prices United Kingdom: Electrical equipment,Producer Prices Italy: Electrical equipment,Producer Prices France: Electrical equipment,Producer Prices Germany: Electrical equipment,Producer Prices China: Electrical equipment,production index United States: Machinery and equipment n.e.c.,production index World: Machinery and equipment n.e.c.,production index Switzerland: Machinery and equipment n.e.c.,production index United Kingdom: Machinery and equipment n.e.c.,production index Italy: Machinery and equipment n.e.c.,production index Japan: Machinery and equipment n.e.c.,production index France: Machinery and equipment n.e.c.,production index Germany: Machinery and equipment n.e.c.,production index United States: Electrical equipment,production index World: Electrical equipment,production index Switzerland: Electrical equipment,production index United Kingdom: Electrical equipment,production index Italy: Electrical equipment,production index Japan: Electrical equipment,production index France: Electrical equipment,production index Germany: Electrical equipment
2004m2,17,17,112,83,83,79,124,87,109,110,91,90,111,74,108,79,97,80,"54,04","44,12","48,75","87,08","39,64","36,62",1,79,81,93,,93,,102,98,97,106,117,111,118,81,118,,81,121,142,106,102,86
2004m3,24,24,136,106,101,97,143,106,141,145,86,80,128,84,110,99,114,96,"54,67","47,59","49,26","87,19","42,59","39,93",1,80,81,94,,93,,106,113,91,122,139,141,148,102,119,,77,138,153,140,117,98
2004m4,24,24,118,92,90,85,129,96,106,103,86,80,109,73,108,90,102,85,"54,87","47,78","49,42","91,38","42,65","39,13",1,80,81,94,,93,,103,100,94,105,125,106,125,91,117,,72,116,138,106,105,87
2004m5,24,24,109,86,87,82,136,100,102,100,85,80,111,75,108,87,101,84,"51,23","53,59","46,47","99,04","47,52","36,28",1,81,81,94,,94,,104,100,96,106,132,102,117,88,118,,66,119,144,102,97,85
2004m6,27,27,134,107,99,95,136,111,120,120,85,79,122,82,111,97,112,97,"52,88","50,80","47,80","98,64","44,97","35,66",1,81,81,94,,93,,106,109,99,118,133,122,143,101,119,,61,129,144,117,118,95
2004m7,24,24,117,89,94,90,140,106,118,116,84,79,113,77,105,85,104,88,"54,77","53,95","49,34","95,78","47,94","37,27",1,81,81,94,,93,,99,102,96,109,136,119,122,96,115,,64,119,151,117,110,91
2004m8,24,24,79,72,83,80,54,49,106,108,84,78,103,71,107,88,80,71,"54,09","58,14","48,79","89,65","53,24","37,77",1,81,81,94,,93,,101,91,94,97,53,110,79,83,120,,66,113,56,99,79,82
2004m9,26,26,130,99,102,101,131,105,125,128,83,77,120,84,109,97,111,97,"54,70","58,05","49,28","87,05","52,63","38,42",1,81,82,94,,94,,103,108,91,115,121,130,136,104,121,,68,131,154,115,121,98
2004m10,25,25,120,100,94,89,133,96,105,104,86,80,114,81,110,91,106,90,"57,61","66,84","51,65","104,58","59,31","39,98",1,82,82,95,,94,,104,102,98,108,127,109,121,94,123,,64,126,148,98,118,93
2004m11,27,27,115,87,97,94,130,106,113,112,89,83,119,84,110,87,107,93,"58,17","59,11","52,10","101,19","53,30","41,45",1,82,82,95,,94,,102,104,105,112,124,117,118,97,125,,61,133,144,104,110,97
2004m12,33,33,123,104,102,105,126,118,114,117,92,86,107,76,106,96,109,102,"58,86","56,14","52,66","107,51","49,40","41,75",1,82,82,95,,93,,98,107,112,106,133,119,132,110,121,,57,110,109,104,108,89
2005m1,22,22,110,90,79,78,106,72,104,105,88,83,100,71,109,85,90,76,"59,15","60,77","56,40","104,37","54,37","42,07",1,83,82,95,,94,,104,88,103,96,102,109,114,76,120,91,62,108,116,95,103,85
2005m2,22,22,113,87,85,82,120,87,113,113,85,80,111,78,112,90,98,82,"61,05","61,98","57,94","104,50","56,70","43,18",1,83,82,96,,94,,108,95,95,107,117,117,120,85,122,94,67,120,126,105,100,87
2005m3,30,30,133,107,100,97,137,105,147,155,81,76,122,86,114,104,110,96,"63,86","71,12","60,22","114,64","64,45","44,85",1,83,82,95,,94,,111,110,87,119,137,153,145,104,122,105,72,128,137,134,114,93
2005m4,30,30,120,93,96,92,130,96,111,109,82,77,114,79,114,98,107,90,"62,42","70,25","59,05","118,56","64,07","45,05",1,84,82,95,,94,,112,101,90,110,129,114,130,97,120,98,69,121,131,106,103,94
2005m5,33,33,114,94,88,85,140,103,106,104,83,78,112,78,114,98,103,89,"59,46","65,99","56,65","110,45","60,51","43,12",1,84,82,96,,94,,111,99,94,107,139,109,125,90,120,96,65,121,140,101,97,85
2005m6,36,36,137,110,108,104,128,113,124,123,84,79,121,85,116,106,115,102,"60,66","72,91","57,62","119,21","68,18","46,77",1,84,83,96,,94,,113,108,97,119,128,126,148,111,121,104,62,126,129,120,121,102
2005m7,31,31,114,89,94,90,135,108,116,116,84,79,109,77,108,90,103,89,"60,84","77,25","57,77","127,21","71,31","47,97",1,84,83,95,,94,,103,98,95,104,131,118,121,95,116,98,64,116,145,111,102,91
2005m8,31,31,79,75,88,85,58,57,111,112,83,79,110,77,110,99,84,77,"63,76","86,78","60,14","152,32","78,30","50,40",1,84,83,96,,94,,105,91,93,102,58,116,80,88,121,92,66,125,57,99,78,88
2005m9,33,33,132,103,106,104,134,110,128,132,83,79,122,85,114,105,114,101,"63,64","89,69","60,04","191,96","78,05","51,20",1,85,83,96,,94,,108,106,91,116,129,133,137,108,124,107,69,132,144,117,123,102
2005m10,34,34,121,100,95,90,130,98,111,109,86,82,113,81,116,100,106,92,"65,66","86,04","61,68","203,21","73,61","53,88",1,85,83,96,,94,,111,100,98,106,124,115,122,94,126,104,65,125,145,103,121,95
2005m11,38,38,123,94,105,102,135,104,121,120,89,85,123,88,114,96,114,99,"68,96","78,71","64,36","166,61","69,64","56,66",1,86,83,96,,94,,109,105,105,117,130,127,127,105,125,107,62,134,147,110,116,105
2005m12,44,44,130,106,110,108,111,127,125,126,92,88,107,77,110,103,111,107,"75,14","83,15","69,37","195,77","71,39","60,74",1,86,83,96,,94,,106,106,112,104,114,131,139,120,120,99,59,113,103,112,116,91
2006m1,28,28,112,94,88,85,110,80,112,111,93,88,106,76,112,92,97,84,"79,42","85,43","73,13","147,44","79,02","62,83",1,87,84,96,,95,93,108,94,107,100,106,116,111,85,120,97,67,119,118,104,112,94
2006m2,28,28,118,92,91,88,130,96,123,121,93,88,110,78,114,95,104,89,"82,76","80,26","75,58","133,49","75,54","66,13",1,87,84,96,,95,93,111,101,102,105,129,126,125,91,121,99,76,119,132,115,108,92
2006m3,38,38,145,114,111,109,152,122,151,159,93,88,132,94,119,115,124,110,"83,47","82,07","76,35","126,42","77,09","67,72",1,87,84,96,,95,95,117,118,98,126,151,156,156,113,123,113,84,143,155,142,128,107
2006m4,39,39,119,95,92,89,120,96,119,117,92,88,108,77,116,103,103,90,"97,48","91,30","87,80","130,01","85,99","84,78",1,88,84,96,,95,94,114,103,100,103,119,122,129,93,119,99,80,118,122,111,104,91
2006m5,41,41,124,100,105,102,148,115,115,113,92,88,122,87,116,109,117,103,"114,08","89,86","101,27","119,32","86,89","106,78",1,89,85,97,,96,98,113,108,102,116,145,120,131,107,122,104,75,133,153,106,113,101
2006m6,46,46,145,115,107,106,140,131,136,136,92,88,125,90,118,116,120,111,"101,67","88,45","91,46","119,43","86,40","95,53",1,90,86,97,,96,99,116,114,104,123,138,142,151,109,121,108,71,128,145,124,134,102
2006m7,40,40,120,95,100,98,141,115,124,125,93,90,115,83,114,98,110,98,"108,52","94,03","97,17","121,33","91,66","102,35",1,91,87,97,,96,99,111,106,103,112,137,130,127,102,119,103,76,118,151,113,109,96
2006m8,43,43,88,80,101,97,66,64,116,118,95,91,115,85,117,108,95,87,"109,67","94,71","98,01","131,25","90,85","102,14",1,91,86,97,,96,100,114,99,102,104,66,124,89,100,123,99,82,133,68,102,87,104
2006m9,46,46,136,110,110,111,139,122,137,141,96,93,125,93,119,110,121,110,"109,37","80,29","97,79","105,92","78,59","100,90",1,92,87,97,,96,100,118,115,102,120,133,146,143,112,123,112,87,135,152,121,126,105
2006m10,44,44,135,113,108,105,148,118,121,119,99,96,123,91,117,108,122,108,"113,91","76,99","101,70","119,93","73,27","99,54",1,92,87,97,,96,100,114,110,110,114,142,127,139,108,124,110,82,138,162,109,128,108
2006m11,46,46,130,104,118,115,143,123,125,124,103,99,127,94,116,100,126,114,"112,85","79,15","101,07","138,14","73,56","93,29",1,92,87,97,,96,99,112,113,118,118,138,131,132,119,124,113,77,142,155,113,126,115
2006m12,55,55,133,109,112,117,116,132,129,131,106,103,111,81,116,108,117,115,"113,71","82,23","101,77","127,27","77,17","88,59",1,92,87,97,,96,99,112,112,126,109,118,136,146,122,124,103,71,114,111,115,113,94
2007m1,37,37,119,103,101,97,124,98,116,116,105,102,115,85,116,96,110,98,"106,87","73,61","96,83","125,61","67,71","75,25",1,92,87,98,97,97,100,112,104,119,111,122,122,121,99,122,102,81,123,128,104,115,104
2007m2,37,37,125,102,103,101,136,103,125,125,104,101,117,85,119,101,114,101,"108,46","79,14","98,69","142,17","72,83","75,34",1,92,87,97,97,96,99,116,108,113,114,137,131,130,103,125,104,90,122,135,112,117,102
2007m3,52,52,149,123,120,121,150,131,153,158,103,101,136,99,124,122,132,121,"114,79","82,71","104,59","130,94","76,67","85,64",1,92,87,97,97,97,100,123,126,106,133,153,161,161,123,128,117,99,142,144,137,129,115
2007m4,52,52,130,106,104,102,126,109,119,117,104,102,114,83,124,117,114,103,"126,42","88,76","114,38","134,97","82,31","103,07",1,93,87,98,98,97,100,122,111,110,114,128,124,139,106,128,105,94,116,121,108,115,100
2007m5,52,52,125,106,110,110,149,128,121,120,105,103,125,91,123,118,123,113,"127,17","88,87","116,38","135,28","82,43","101,95",1,93,88,99,97,97,101,120,116,114,123,150,128,133,114,128,109,89,128,146,107,112,104
2007m6,56,56,149,124,115,118,143,141,134,135,105,104,129,94,124,123,128,122,"119,15","92,82","110,02","131,69","86,27","99,20",1,94,88,99,97,97,102,122,121,117,127,144,142,157,120,130,114,85,132,142,118,135,107
2007m7,56,56,134,108,116,114,146,131,130,130,106,104,125,92,119,109,123,112,"119,97","97,99","111,06","119,11","93,12","105,81",1,94,88,99,98,97,102,115,115,116,123,143,136,140,119,126,111,90,129,154,116,125,110
2007m8,56,56,96,87,107,107,68,76,121,124,107,105,121,90,120,117,102,97,"110,59","91,38","105,49","120,10","88,72","99,72",1,95,88,99,98,97,102,116,106,114,116,67,131,97,108,127,103,95,130,70,103,95,105
2007m9,59,59,138,114,116,118,138,129,134,141,108,106,128,94,124,119,126,118,"109,64","98,07","108,18","120,11","97,12","101,52",1,95,88,99,98,97,102,121,119,112,125,134,142,145,120,129,115,100,132,148,118,125,109
2007m10,59,59,144,125,123,119,154,133,125,123,111,109,134,98,122,117,134,122,"114,23","105,72","114,42","131,89","103,70","106,29",1,95,89,99,98,98,102,119,120,120,128,149,133,145,127,127,118,95,144,165,108,141,117
2007m11,59,59,138,111,125,126,138,127,127,127,114,112,138,101,121,108,132,122,"107,12","117,10","112,14","137,89","115,56","92,46",1,95,89,99,98,98,101,118,120,127,131,137,134,142,129,128,116,90,150,139,114,131,117
2007m12,52,52,128,113,115,122,111,129,128,132,117,115,114,84,120,113,119,119,"99,49","116,28","105,31","138,16","113,26","87,43",1,95,89,99,99,98,101,115,116,135,111,116,135,139,128,129,105,85,118,100,112,109,92
2008m1,48,48,125,112,109,108,125,101,114,113,116,115,120,93,122,105,116,106,"104,20","118,60","109,55","154,75","114,74","93,71",1,96,90,99,97,98,101,118,109,129,116,126,120,129,109,128,106,94,127,122,102,119,108
2008m2,48,48,137,114,115,114,137,118,130,132,115,114,124,98,122,112,124,115,"115,35","124,40","117,66","162,45","118,15","104,68",1,96,91,100,98,98,101,119,116,122,121,140,138,144,116,127,109,103,130,130,114,127,112
2008m3,68,68,153,122,115,116,138,127,152,158,114,113,126,100,127,124,126,118,"124,19","133,99","126,26","174,07","128,85","112,00",2,97,91,100,98,98,102,125,125,115,123,143,158,167,119,130,117,112,131,127,139,130,107
2008m4,68,68,148,120,128,127,145,123,117,114,114,114,127,101,124,119,134,123,"123,39","143,13","125,45","188,73","137,60","115,26",2,97,92,100,98,98,102,122,121,119,122,148,122,161,131,128,114,105,135,139,108,127,120
2008m5,68,68,131,110,111,113,148,122,116,117,114,114,121,95,121,118,124,115,"118,76","159,76","121,31","203,11","155,15","111,25",2,97,92,100,98,98,103,119,116,123,117,154,121,143,115,126,110,99,129,135,107,113,105
2008m6,72,72,153,132,128,132,137,145,127,125,114,115,127,101,122,125,132,130,"116,09","172,74","117,98","222,15","166,40","109,63",2,98,92,100,100,98,104,120,122,127,121,138,131,163,134,127,116,92,137,132,118,136,117
2008m7,72,72,134,114,123,123,151,134,123,122,114,115,127,99,115,113,127,120,"117,79","173,48","118,91","212,07","168,05","111,67",2,98,92,100,99,99,104,112,116,123,122,149,126,138,127,121,114,99,137,155,116,127,116
2008m8,72,72,87,86,104,107,54,61,106,108,114,115,113,87,117,113,96,95,"106,97","147,61","109,90","178,76","144,95","101,33",1,99,92,100,99,99,104,115,101,119,101,53,111,87,106,121,100,105,134,55,94,88,101
2008m9,69,69,142,123,125,132,135,131,132,135,114,115,131,101,115,123,131,127,"98,55","130,98","98,02","173,78","126,08","92,78",1,99,93,100,100,99,104,114,120,115,121,132,138,148,129,118,117,112,149,141,119,131,118
2008m10,69,69,133,122,121,123,138,123,113,110,113,114,133,103,113,115,129,122,"74,97","100,50","72,29","167,67","91,97","65,37",1,99,93,100,100,99,102,111,115,119,121,139,117,132,125,117,114,103,155,135,105,134,112
2008m11,69,69,118,105,113,120,117,107,104,102,112,113,120,93,109,100,116,113,"62,01","78,81","58,71","166,41","68,28","49,33",1,98,94,99,99,99,100,107,107,122,107,117,107,122,120,113,106,94,143,117,97,111,102
2008m12,66,66,125,116,115,123,92,119,102,101,111,112,111,88,102,108,112,117,"51,25","64,38","50,63","153,39","52,30","40,77",1,97,97,98,99,98,98,99,103,125,101,98,104,135,133,109,96,86,131,78,98,108,82
2009m1,51,51,95,96,82,81,84,74,80,78,105,106,94,73,100,88,87,84,"52,15","66,27","51,69","138,29","55,48","42,74",1,97,98,98,100,99,95,98,84,114,87,83,81,95,83,104,86,89,108,87,77,93,80
2009m2,51,51,98,95,85,85,92,83,77,78,99,100,97,75,99,90,91,88,"50,82","61,80","51,01","114,49","52,94","43,99",1,97,98,97,99,99,95,98,86,102,87,93,78,101,88,101,85,92,115,88,76,93,81
2009m3,74,74,113,111,99,101,97,101,98,104,92,94,110,85,98,101,103,102,"53,66","64,05","51,82","106,21","59,01","49,77",1,97,99,97,100,99,95,97,97,91,101,100,97,121,104,99,96,96,126,88,100,100,90
2009m4,74,74,97,96,83,84,87,88,69,65,90,91,97,73,93,93,89,88,"60,40","66,52","56,74","88,46","63,61","58,48",1,97,98,97,98,99,95,92,84,91,87,90,66,100,85,95,87,89,114,79,77,92,79
2009m5,74,74,86,89,82,83,85,85,68,64,88,89,89,67,91,91,86,85,"63,25","74,24","59,43","89,81","73,57","60,63",1,98,98,97,99,99,96,90,82,91,80,87,64,88,85,95,85,81,105,81,75,83,76
2009m6,82,82,106,110,89,91,83,97,81,78,85,86,103,77,90,100,94,96,"69,39","85,80","65,57","88,86","87,49","66,54",1,98,98,98,99,99,97,88,88,92,94,83,76,106,93,94,93,74,119,83,91,105,83
2009m7,82,82,92,93,87,88,98,99,77,75,87,88,95,72,86,88,90,90,"72,48","80,81","69,67","77,99","81,81","69,22",1,98,98,97,99,99,97,83,83,89,87,94,71,89,87,92,92,84,111,106,89,96,88
2009m8,82,82,64,74,75,76,34,45,70,72,89,89,85,70,89,88,70,72,"85,04","88,64","81,63","76,38","90,62","81,82",1,98,98,98,98,99,98,86,75,86,76,34,67,62,74,95,83,93,101,35,75,66,77
2009m9,86,86,103,103,100,102,97,101,87,92,90,91,99,83,88,95,100,101,"83,20","83,20","77,94","75,56","86,47","82,24",1,98,99,98,101,99,99,85,90,83,88,91,83,104,102,94,100,103,119,112,95,101,95
2009m10,86,86,97,101,92,92,99,91,79,79,92,93,96,84,90,91,96,94,"85,41","90,89","80,53","91,15","93,72","83,45",1,99,99,98,99,99,99,87,87,89,87,96,75,90,90,96,98,99,113,108,86,108,96
2009m11,86,86,93,93,93,94,97,103,82,83,94,95,97,85,89,87,96,96,"88,57","95,01","84,70","88,13","98,12","88,60",1,99,98,98,99,99,99,85,88,95,88,94,79,88,91,96,97,94,114,103,88,101,95
2009m12,75,75,98,105,95,101,81,118,90,89,97,97,90,80,88,96,95,103,"94,54","95,04","90,29","109,84","94,74","92,66",1,99,99,99,99,99,99,86,91,100,84,81,89,99,103,93,91,90,100,79,93,97,81
2010m1,69,69,82,87,74,72,80,74,78,78,95,96,80,76,92,82,78,76,"98,99","98,50","96,58","119,14","97,57","98,03",1,99,99,99,100,100,98,90,80,95,79,77,76,79,72,96,85,95,81,86,82,87,79
2010m2,69,69,93,91,83,83,94,87,89,91,94,94,88,86,94,88,87,87,"91,97","95,60","91,11","113,76","94,59","90,89",1,99,99,99,100,100,99,93,86,90,85,93,87,94,80,96,89,100,91,95,93,90,87
2010m3,99,99,113,111,105,106,109,104,115,119,92,93,110,109,99,107,106,106,"100,27","99,58","99,42","101,64","100,33","99,05",1,99,100,99,100,100,99,98,104,85,109,109,110,118,106,100,106,105,110,111,125,106,103
2010m4,99,99,98,98,93,91,101,96,91,89,94,94,93,93,101,100,95,94,"105,80","104,85","108,15","91,83","106,51","102,79",1,100,100,99,100,100,99,101,97,90,95,102,91,97,92,101,97,101,90,98,92,99,94
2010m5,99,99,94,92,92,91,105,102,87,83,95,95,93,94,102,101,95,94,"92,62","95,68","96,02","92,75","95,67","90,75",1,100,101,100,100,100,100,103,97,95,93,105,86,94,91,100,96,96,94,105,88,93,94
2010m6,107,107,115,116,106,106,112,127,106,105,97,97,105,107,103,109,108,111,"86,91","95,10","89,09","102,12","94,54","86,26",1,100,101,100,100,100,100,105,107,99,108,113,105,117,106,100,104,92,100,110,108,112,107
2010m7,107,107,96,96,99,99,117,108,104,104,98,98,100,102,98,94,100,99,"89,80","94,88","89,20","102,07","94,36","89,39",1,100,100,100,99,100,100,98,101,97,100,116,104,94,97,97,102,99,99,121,104,99,104
2010m8,107,107,71,77,95,96,50,55,96,95,99,99,96,96,101,101,84,86,"97,11","96,45","97,59","100,10","95,93","96,67",1,100,99,100,100,100,100,101,94,95,94,51,97,68,93,100,95,106,100,47,93,76,99
2010m9,114,114,114,109,111,112,113,109,116,121,100,100,111,111,101,108,112,112,"101,62","97,23","100,64","94,24","96,30","102,32",1,100,100,100,100,100,101,102,109,93,113,110,117,116,110,99,109,112,108,119,114,111,113
2010m10,114,114,108,106,107,105,109,106,101,98,104,104,106,110,103,101,107,106,"109,78","102,19","108,27","88,62","103,39","110,06",1,100,100,100,100,100,101,103,105,103,106,109,103,106,105,103,106,105,106,110,96,111,110
2010m11,114,114,105,101,115,116,113,111,107,105,107,107,115,113,103,98,113,112,"109,99","106,09","109,43","93,44","106,95","112,41",1,101,100,101,100,100,101,103,109,113,114,112,110,102,116,104,108,98,116,114,101,111,112
2010m12,100,100,111,115,120,124,97,120,110,112,111,111,104,101,103,111,113,118,"115,15","113,85","114,52","100,29","113,87","121,40",1,101,100,101,100,101,102,103,111,123,103,102,113,115,132,103,102,90,105,85,104,105,98
2011m1,85,85,97,97,91,92,88,82,96,92,107,107,96,94,107,93,93,91,"120,33","120,13","120,81","108,01","117,27","126,82",1,102,102,102,103,101,102,108,97,114,94,90,98,96,89,103,95,96,99,85,92,98,97
2011m2,85,85,103,100,101,103,104,99,107,108,104,104,103,98,109,97,101,101,"125,24","127,44","125,82","102,12","123,88","130,96",1,102,102,103,102,101,103,112,104,106,102,106,111,104,100,104,98,101,103,99,101,102,102
2011m3,117,117,122,121,123,129,120,119,120,121,100,100,122,117,113,122,120,123,"122,59","138,37","121,37","101,24","137,45","126,13",1,102,102,103,103,101,103,115,120,97,122,124,121,127,126,107,113,106,122,108,118,114,118
2011m4,115,115,104,102,103,107,108,102,97,91,103,102,98,95,111,108,103,103,"124,60","148,26","124,29","109,57","147,07","125,99",1,103,102,103,102,101,103,114,108,102,99,113,100,106,104,105,101,103,96,97,90,102,101
2011m5,121,121,114,107,117,120,119,112,99,94,105,104,110,106,111,111,115,115,"117,82","139,06","118,49","110,51","136,73","118,91",1,103,102,103,102,101,104,114,114,107,113,123,104,117,118,105,105,100,105,109,90,109,116
2011m6,134,134,109,113,111,118,113,118,118,116,107,106,120,115,112,123,113,116,"116,94","138,72","116,98","113,85","133,91","120,33",1,103,102,103,103,102,104,116,118,113,123,116,121,111,114,105,109,98,115,105,112,106,105
2011m7,117,117,102,101,111,114,116,113,110,109,107,106,107,102,106,105,107,108,"121,54","141,94","120,99","116,83","136,53","128,08",1,103,102,103,103,102,105,109,111,109,107,119,112,104,112,101,104,102,107,108,107,98,108
2011m8,120,120,75,84,111,114,56,66,105,104,106,106,109,104,109,120,95,98,"113,16","134,60","114,77","111,83","127,13","119,46",1,103,102,103,103,102,104,111,106,106,106,59,110,71,110,105,101,106,113,51,95,82,111
2011m9,127,127,115,118,122,131,114,111,119,119,106,105,124,120,110,123,119,122,"106,19","135,39","109,08","109,98","127,55","110,16",1,103,102,103,104,102,104,113,119,103,125,117,124,118,123,105,112,111,120,109,108,110,119
2011m10,123,123,105,109,109,112,109,104,104,102,106,105,113,107,112,115,110,109,"97,29","133,59","98,39","108,78","126,32","98,13",1,103,102,103,103,102,103,113,113,107,113,113,109,102,109,109,107,105,113,101,94,109,108
2011m11,130,130,111,107,122,129,109,108,109,108,106,104,119,112,111,110,118,118,"96,52","133,97","95,84","104,56","133,36","100,61",1,103,102,103,102,102,102,113,118,110,117,114,115,111,125,107,109,100,123,96,97,110,117
2011m12,146,146,110,119,122,132,92,120,111,113,106,104,104,101,110,123,114,122,"95,44","131,09","95,08","104,40","131,87","100,41",1,103,102,103,102,102,101,113,117,113,105,103,118,116,133,104,101,94,104,68,97,100,101
2012m1,95,95,97,101,100,102,87,79,97,94,104,102,105,100,115,105,97,97,"101,51","134,11","100,50","98,29","135,47","106,71",1,104,102,104,103,103,101,120,104,106,100,92,101,95,98,105,96,101,115,76,87,100,102
2012m2,95,95,102,104,108,111,102,94,109,113,103,100,111,105,118,116,105,105,"105,81","142,79","104,01","94,32","142,57","112,03",1,104,103,104,103,103,101,123,111,100,105,109,113,105,109,106,101,108,122,85,101,96,106
2012m3,131,131,117,120,127,135,113,113,128,133,101,99,125,123,122,140,120,123,"104,56","147,88","103,54","94,28","149,02","112,42",1,104,103,104,104,103,101,129,128,93,120,122,130,125,133,109,114,115,135,93,124,103,114
2012m4,124,124,100,103,104,109,98,94,98,93,100,97,109,105,121,123,102,104,"100,89","142,43","100,95","89,35","143,81","110,02",1,104,102,104,104,103,101,128,113,94,104,106,99,104,108,108,103,110,117,80,95,94,99
2012m5,130,130,96,99,111,116,115,108,98,101,98,96,120,116,121,127,110,111,"97,32","132,28","96,63","96,53","131,69","105,59",1,104,102,104,103,103,101,127,116,95,115,121,98,100,114,109,107,104,129,101,97,91,105
2012m6,146,146,114,118,116,124,105,110,110,110,97,94,121,126,123,137,114,119,"91,47","115,97","91,63","96,09","114,79","98,52",1,104,102,104,104,103,101,131,122,96,121,110,112,117,121,108,111,99,121,94,106,110,109
2012m7,125,125,108,104,114,120,114,113,105,103,98,95,119,113,113,118,110,112,"91,99","124,56","91,19","100,95","122,41","100,66",1,104,102,104,104,103,101,117,115,95,116,120,106,113,117,104,108,102,124,100,103,100,108
2012m8,129,129,75,84,107,114,53,61,97,97,99,96,114,108,116,125,94,98,"90,89","135,38","87,65","99,63","133,19","99,74",1,104,102,104,104,103,101,121,107,95,107,57,101,74,107,106,102,105,128,43,89,76,107
2012m9,138,138,111,112,112,121,101,102,108,112,99,96,113,110,117,123,109,113,"99,49","135,21","93,59","98,58","134,47","107,34",1,104,102,104,104,103,101,121,116,95,106,105,111,115,114,108,110,107,126,92,101,104,106
2012m10,134,134,110,118,113,118,111,108,94,91,101,98,121,114,114,123,114,115,"97,69","134,15","94,00","105,70","130,83","107,00",1,104,103,104,104,103,100,116,114,100,114,118,96,109,115,108,110,103,134,95,90,111,110
2012m11,147,147,104,107,117,122,102,104,94,94,103,100,122,117,113,119,113,115,"94,72","132,33","92,42","109,37","128,00","102,34",1,104,103,104,104,103,100,115,113,105,120,110,95,104,120,110,110,99,125,84,93,104,110
2012m12,166,166,106,112,110,123,84,111,99,102,105,102,108,101,110,122,105,114,"99,59","132,37","97,42","107,04","128,03","105,73",1,104,103,104,104,103,99,112,111,110,108,95,101,117,124,107,99,95,108,60,96,86,84
2013m1,107,107,92,97,96,99,91,80,88,89,100,97,101,89,112,111,95,94,"99,61","135,93","100,29","107,61","132,97","106,80",1,105,104,104,105,103,99,115,100,101,96,96,87,90,94,105,98,97,111,80,88,95,100
2013m2,107,107,94,100,101,105,95,89,97,99,95,93,105,94,115,118,99,99,"100,25","139,79","101,34","107,54","136,18","106,98",1,105,105,104,105,103,100,120,104,92,101,99,96,94,103,107,99,99,111,85,97,95,97
2013m3,152,152,110,114,110,117,101,104,123,131,90,88,121,110,118,134,109,111,"94,23","132,54","94,55","113,68","129,71","101,47",1,105,105,104,105,104,99,124,121,83,121,105,124,111,115,107,112,101,120,91,123,108,101
2013m4,146,146,103,107,112,118,97,93,96,94,92,90,112,101,117,124,107,107,"89,93","126,61","90,73","122,81","125,06","96,01",1,104,105,104,105,104,99,121,114,87,111,103,96,105,116,107,106,101,115,83,96,99,104
2013m5,155,155,95,100,102,109,106,106,99,97,95,92,116,103,114,128,104,107,"89,08","126,30","88,32","118,48","125,72","96,21",1,105,105,104,104,104,99,118,112,91,112,113,100,97,105,107,106,100,123,90,98,93,97
2013m6,164,164,112,112,115,123,99,107,105,107,97,94,123,109,116,128,112,115,"86,97","125,71","85,41","114,37","126,19","92,91",1,104,104,104,104,104,99,121,118,95,123,104,105,116,121,108,110,100,122,87,104,107,104
2013m7,142,142,108,103,113,119,114,114,108,110,97,95,122,108,108,116,110,111,"85,31","129,89","85,67","110,09","133,17","91,66",1,104,105,104,103,104,99,110,114,95,124,119,108,110,117,105,110,102,119,102,109,105,107
2013m8,147,147,66,81,101,105,48,59,97,100,98,95,110,98,113,119,89,93,"88,63","133,04","89,64","107,50","136,84","95,46",1,104,104,104,103,103,99,115,104,94,106,51,99,64,102,107,103,104,118,42,93,71,98
2013m9,160,160,107,113,115,124,100,103,112,116,98,96,122,107,113,122,112,116,"87,26","133,77","88,15","107,52","137,60","95,02",1,105,103,103,103,104,99,116,117,94,122,104,114,110,119,107,113,106,124,93,108,102,107
2013m10,158,158,109,115,114,118,112,109,106,106,99,97,126,112,112,120,115,115,"88,65","131,75","89,07","109,03","133,38","95,60",1,105,103,104,103,104,99,114,117,97,124,117,108,109,115,109,115,102,128,102,103,110,111
2013m11,173,173,100,102,116,121,99,105,105,106,100,97,117,105,112,116,110,113,"86,51","130,35","87,82","108,65","129,84","93,84",1,105,103,103,102,104,98,113,115,101,113,103,105,102,120,110,113,97,123,88,104,97,107
2013m12,194,194,104,112,115,128,82,113,110,113,100,98,107,96,108,123,107,117,"87,70","134,15","88,71","117,45","133,45","95,75",1,105,103,103,102,104,98,108,114,104,107,89,112,109,131,108,104,93,108,66,107,97,86
2014m1,122,122,92,96,98,103,85,81,106,107,99,97,107,98,112,107,96,97,"88,13","131,22","88,08","123,48","129,17","96,77",1,105,103,104,103,104,98,115,105,99,105,91,109,93,98,106,101,100,111,74,100,91,99
2014m2,122,122,96,98,104,109,93,92,112,114,98,96,108,98,116,115,101,102,"86,85","133,97","86,16","137,61","132,62","94,88",1,105,103,104,103,104,98,120,110,93,107,100,114,100,105,107,103,107,110,77,108,89,102
2014m3,168,168,112,113,115,124,100,105,141,149,97,95,125,114,121,137,112,116,"84,45","130,67","82,98","122,17","131,63","88,26",1,105,103,104,103,104,97,127,128,87,121,108,145,116,119,110,118,114,131,83,134,105,106
2014m4,156,156,101,105,107,113,93,95,104,101,96,94,108,99,118,123,104,106,"87,09","130,68","85,48","118,66","132,67","88,57",1,105,104,103,103,104,97,123,115,90,107,100,104,104,109,108,108,108,110,76,103,96,103
2014m5,165,165,88,95,107,113,97,99,103,101,96,93,111,104,117,127,103,106,"88,54","132,33","84,85","114,95","133,75","91,46",1,105,103,103,102,104,98,121,115,92,110,104,104,92,110,109,108,102,112,81,100,83,101
2014m6,182,182,111,114,110,120,95,109,116,115,95,93,123,115,119,132,109,116,"89,19","134,32","84,36","112,86","137,11","90,53",1,105,103,103,103,104,98,123,121,95,121,104,117,119,115,111,114,96,126,77,113,97,100
2014m7,161,161,104,100,115,122,108,113,117,117,95,92,117,109,111,120,109,112,"93,37","127,95","88,18","103,07","133,13","94,41",1,105,103,103,103,104,99,113,118,93,117,117,121,108,118,106,112,98,118,88,110,97,110
2014m8,158,158,62,80,99,106,44,55,96,100,95,92,99,91,115,128,85,91,"93,74","122,39","88,03","101,28","126,58","92,93",1,105,103,103,103,104,98,117,105,92,96,48,99,61,102,110,102,100,105,34,91,63,95
2014m9,177,177,109,113,122,132,99,106,122,126,95,92,119,113,113,135,115,121,"91,72","117,44","85,07","101,76","121,27","91,21",1,105,103,103,103,104,98,115,122,91,117,105,126,116,127,111,118,101,124,84,113,98,113
2014m10,170,170,102,111,116,122,105,109,112,110,98,95,114,107,115,127,113,116,"88,90","106,77","82,62","103,02","108,91","89,42",1,105,103,103,103,104,98,116,119,97,113,114,115,103,118,111,116,100,116,84,106,99,111
2014m11,179,179,95,99,115,124,93,103,106,106,101,98,106,100,115,114,108,113,"90,37","97,30","82,86","102,66","97,41","89,09",1,105,104,103,103,104,97,116,116,102,102,100,109,98,119,112,113,99,114,76,99,91,108
2014m12,201,201,114,115,121,133,83,117,116,118,104,101,105,102,108,126,111,122,"86,25","79,80","78,83","99,00","76,80","85,56",1,105,104,104,103,104,97,108,119,108,104,94,120,126,136,109,108,97,107,58,107,94,93
2015m1,128,128,86,93,93,100,79,77,109,108,99,96,93,86,111,107,91,94,"80,15","63,75","73,85","91,06","59,60","77,38",1,105,103,104,102,105,96,112,104,100,90,84,113,89,92,108,101,97,97,67,101,81,95
2015m2,128,128,90,95,102,109,93,92,109,110,94,91,99,92,113,114,99,103,"79,19","73,77","72,37","83,52","69,32","76,04",1,105,103,104,102,105,96,116,108,92,98,100,111,94,103,108,103,98,102,77,104,83,99
2015m3,173,173,111,118,121,132,102,111,139,146,89,86,121,113,115,132,116,123,"79,21","71,15","71,78","82,16","66,83","78,83",1,105,102,104,102,105,96,117,127,84,120,110,144,117,126,111,120,98,121,84,130,102,111
2015m4,157,157,97,105,109,116,97,100,104,100,90,86,103,95,113,122,105,109,"80,57","73,36","72,14","70,94","72,80","80,19",1,105,102,104,102,105,96,115,114,87,104,104,105,102,112,110,109,95,101,79,101,90,101
2015m5,167,167,84,93,101,111,98,104,100,98,91,86,97,90,112,121,99,105,"82,38","79,26","74,64","72,57","79,08","83,54",1,105,102,105,102,105,96,113,110,90,96,106,102,89,105,109,106,92,98,79,95,78,94
2015m6,190,190,118,123,121,133,99,121,120,118,92,86,113,106,112,132,116,125,"76,68","76,68","70,31","71,55","77,56","77,41",1,105,102,105,102,105,97,113,123,94,114,107,123,128,127,109,117,89,111,81,113,102,109
2015m7,167,167,98,100,116,126,110,116,117,116,93,86,104,97,103,117,109,114,"72,68","69,97","65,75","72,62","68,75","72,42",1,104,102,104,102,106,97,103,116,93,105,119,121,102,120,105,112,92,102,88,109,91,110
2015m8,167,167,65,81,99,107,46,59,96,99,93,87,92,85,108,119,86,92,"68,26","60,27","62,65","70,37","57,81","68,05",1,104,102,104,102,105,96,107,103,92,89,51,100,65,102,109,103,95,95,36,89,65,96
2015m9,179,179,108,116,117,129,103,106,116,120,94,88,110,105,105,124,114,120,"69,06","60,31","63,40","68,96","58,55","69,24",1,104,102,104,102,105,96,104,118,92,108,110,118,114,121,106,118,99,114,85,113,98,110
2015m10,174,174,103,111,116,124,103,110,105,105,97,90,101,95,106,119,111,116,"68,21","60,51","62,22","63,61","59,41","69,23",1,104,102,104,102,105,96,104,114,97,98,111,107,108,118,111,116,97,107,86,102,94,111
2015m11,183,183,94,104,117,127,99,109,105,104,99,93,99,94,104,109,110,116,"63,81","55,87","57,83","57,83","54,55","63,70",1,104,103,104,101,105,94,100,112,101,94,107,105,98,122,110,115,95,107,82,104,88,109
2015m12,203,203,103,119,119,139,83,122,111,113,101,95,95,91,100,118,110,126,"62,95","48,30","56,31","53,71","46,27","61,57",1,104,104,104,101,106,94,95,113,106,94,92,113,114,134,110,109,93,98,64,107,86,93
2016m1,134,134,85,93,90,96,79,75,98,97,97,91,84,81,102,100,89,91,"61,37","40,86","55,21","54,22","37,68","59,35",1,104,105,103,101,106,94,99,97,100,81,84,98,89,89,109,101,93,89,69,97,79,92
2016m2,134,134,95,101,107,115,97,96,106,109,93,87,94,90,104,109,103,107,"63,63","42,84","57,68","48,43","39,26","61,03",1,103,106,103,100,106,94,101,105,93,92,104,107,102,109,110,106,92,100,81,105,84,104
2016m3,183,183,108,116,117,129,106,110,137,142,88,83,109,106,105,123,113,120,"66,46","48,74","61,19","44,49","47,24","65,75",1,104,106,103,101,106,94,103,122,86,106,115,139,115,123,109,121,92,113,85,134,97,107
2016m4,163,163,97,105,111,121,96,97,101,98,90,84,95,94,106,113,107,110,"66,70","52,28","62,00","46,63","51,56","64,67",1,104,107,104,101,106,94,105,111,89,93,104,102,103,114,108,111,92,99,77,99,86,107
2016m5,181,181,91,99,102,114,105,106,98,96,92,86,92,91,104,113,103,108,"65,14","57,65","59,98","48,17","58,12","62,30",1,104,106,104,101,106,94,102,109,92,90,114,99,96,105,108,109,92,96,85,95,84,97
2016m6,200,200,108,122,123,136,99,112,115,115,93,88,104,104,107,121,116,124,"65,98","60,23","60,26","58,11","60,33","61,61",1,104,107,103,101,106,95,106,120,94,99,109,116,113,129,109,120,92,111,76,115,99,113
2016m7,174,174,90,91,104,113,102,107,110,111,93,87,91,91,101,104,101,105,"69,13","57,28","63,49","60,66","55,83","64,57",1,104,110,103,100,106,95,99,110,94,89,112,110,95,106,105,111,92,95,79,108,83,101
2016m8,174,174,69,82,107,117,54,66,102,102,93,87,91,93,102,114,92,99,"68,90","58,42","63,78","57,97","56,78","63,06",1,104,110,103,101,106,95,100,105,93,87,59,105,69,109,108,109,92,99,42,96,69,104
2016m9,180,180,106,113,121,135,104,110,122,125,93,87,104,105,101,117,116,123,"68,22","59,09","62,83","61,38","56,99","62,67",1,104,110,103,101,106,94,98,119,93,99,113,124,111,126,108,121,92,114,82,116,98,113
2016m10,182,182,95,106,106,115,103,104,106,106,97,90,94,96,102,111,105,109,"69,62","64,39","64,13","66,37","62,36","62,79",1,104,113,103,100,106,94,98,112,97,87,113,109,99,108,110,115,96,107,79,99,88,102
2016m11,195,195,97,108,124,136,103,113,112,112,100,94,104,106,101,105,115,123,"76,50","60,93","71,53","62,58","57,26","72,34",1,103,112,104,100,106,94,96,117,101,94,112,115,98,129,111,120,99,121,82,108,96,113
2016m12,215,215,107,116,123,140,86,136,117,119,104,98,95,99,99,115,113,130,"77,88","69,59","73,54","74,42","66,57","75,12",1,104,111,104,101,106,95,94,117,105,90,95,120,117,137,108,113,103,102,63,112,91,97
2017m1,147,147,86,97,99,107,85,80,104,103,101,94,89,92,102,99,96,99,"79,06","70,23","74,54","74,26","67,80","76,37",1,104,112,105,101,107,95,99,102,101,85,93,106,88,98,109,105,101,97,68,100,82,102
2017m2,147,147,89,99,106,116,98,97,113,114,97,91,97,100,104,105,103,108,"81,80","70,10","77,94","68,75","68,77","78,85",1,105,111,105,101,107,95,101,109,97,93,107,114,92,108,109,108,99,104,77,110,84,103
2017m3,204,204,115,125,128,143,116,122,140,145,94,88,115,120,106,126,125,133,"81,35","65,94","77,34","64,42","64,40","77,30",1,105,112,105,102,107,95,105,130,93,113,128,141,123,133,108,127,96,119,88,137,103,120
2017m4,181,181,91,101,102,113,90,93,108,105,95,89,90,93,107,111,100,106,"80,06","67,44","74,04","67,18","66,00","75,44",1,105,111,105,102,107,95,107,113,94,87,100,109,95,105,107,111,98,95,66,104,84,99
2017m5,206,206,96,106,116,130,110,115,109,108,96,90,101,104,108,118,114,121,"79,08","64,87","72,24","68,16","63,12","74,32",1,105,111,105,102,107,96,108,120,95,99,123,113,100,119,108,117,99,103,81,102,89,111
2017m6,231,231,109,124,120,135,107,120,126,127,97,91,109,112,110,125,118,129,"79,22","60,61","71,71","64,96","58,41","75,91",1,105,112,105,101,107,96,111,128,96,104,119,128,118,125,108,124,100,118,82,122,96,109
2017m7,193,193,94,98,111,122,109,114,116,117,99,92,99,101,103,106,107,113,"82,12","62,91","75,39","65,75","60,29","79,43",1,105,112,104,101,107,97,101,117,97,96,121,118,102,112,106,117,103,104,83,112,83,108
2017m8,190,190,68,89,112,124,59,73,111,113,101,94,97,100,104,117,97,107,"88,39","66,41","81,56","67,00","63,19","86,08",1,106,113,104,101,107,97,103,113,98,94,65,117,71,113,106,114,105,103,45,100,63,111
2017m9,191,191,104,116,123,140,104,112,127,131,102,95,112,114,107,121,118,129,"90,50","70,74","82,68","70,17","66,99","87,29",1,105,112,104,101,107,97,106,126,99,109,113,131,110,127,108,126,107,119,83,118,93,116
2017m10,204,204,108,117,111,121,112,116,117,116,106,99,109,111,108,118,115,120,"92,95","73,28","83,39","69,77","69,48","90,35",1,106,112,105,101,107,97,107,122,103,106,122,120,116,113,110,123,111,115,88,110,93,107
2017m11,201,201,101,116,131,145,111,120,122,122,109,103,114,115,106,112,123,132,"92,62","78,95","83,46","73,88","75,83","90,60",1,106,112,105,101,107,97,105,127,106,111,120,125,106,136,110,126,114,120,88,114,92,121
2017m12,238,238,101,118,130,151,89,132,127,130,112,106,102,106,103,119,117,135,"92,15","80,83","84,11","73,29","77,41","90,70",1,106,112,105,101,107,96,102,125,109,102,99,133,111,147,106,115,118,102,67,116,85,99
2018m1,164,164,91,104,107,117,96,86,112,114,108,102,104,102,105,106,105,109,"96,99","87,41","88,57","84,82","83,79","93,78",1,106,112,105,102,108,97,104,112,105,106,104,117,95,105,107,110,112,100,79,104,85,110
2018m2,164,164,92,105,109,119,103,101,120,121,103,98,101,100,108,113,108,113,"96,86","82,11","88,61","71,03","80,29","92,99",1,107,112,105,102,108,97,108,116,101,102,112,124,97,111,108,111,107,100,83,112,82,107
2018m3,227,227,112,122,126,142,116,120,154,159,99,94,120,119,109,131,124,132,"92,90","82,81","84,47","71,46","81,18","90,24",1,108,112,105,102,108,96,110,137,97,126,128,160,123,131,107,128,101,109,89,142,95,117
2018m4,210,210,92,107,113,126,101,103,116,115,98,94,106,103,112,120,111,117,"96,06","88,40","86,45","73,52","87,04","90,93",1,108,112,105,102,108,96,113,123,99,110,112,119,97,116,109,118,98,99,77,108,84,109
2018m5,221,221,88,102,112,126,118,121,115,114,98,94,107,105,110,126,114,122,"96,43","94,60","86,79","76,51","92,90","90,58",1,109,113,106,102,108,97,111,124,100,110,131,119,93,115,108,119,95,103,90,107,82,107
2018m6,244,244,110,127,127,148,115,127,127,128,98,94,111,108,113,134,124,136,"96,83","93,67","86,98","78,34","91,06","92,45",1,109,113,106,103,109,97,114,133,101,114,126,131,119,133,110,126,92,105,89,119,95,117
2018m7,208,208,101,105,117,130,116,121,123,124,100,96,106,103,107,118,114,120,"88,03","93,03","79,77","77,50","91,94","82,96",1,110,114,106,102,109,97,106,125,102,108,128,127,110,120,108,122,98,103,91,116,86,111
2018m8,198,198,68,93,115,130,61,74,115,117,103,99,104,100,111,128,101,112,"85,58","91,99","78,12","81,71","89,93","80,31",1,110,114,106,102,109,97,111,119,102,103,67,121,71,117,110,118,105,106,47,103,64,111
2018m9,199,199,98,111,119,137,105,115,128,129,106,102,108,105,111,126,117,128,"84,54","98,72","77,44","89,17","95,35","80,30",1,110,114,105,102,109,97,111,129,103,107,114,134,105,123,111,126,111,110,85,115,85,111
2018m10,212,212,108,122,124,138,118,122,125,125,109,105,114,112,112,128,124,131,"86,10","100,22","79,35","89,57","97,07","82,55",1,111,111,105,102,109,96,111,131,107,111,129,132,115,127,113,129,113,119,93,112,98,118
2018m11,221,221,100,116,127,143,108,120,123,123,112,108,115,113,111,118,123,133,"83,84","84,44","77,50","97,36","78,84","82,23",1,111,112,105,102,109,95,110,130,111,112,118,128,105,133,113,128,115,120,84,112,91,117
2018m12,242,242,95,115,121,141,89,132,123,125,115,111,102,95,106,123,114,131,"82,73","74,90","76,07","94,41","68,27","80,63",1,111,113,105,102,109,95,103,124,115,99,99,128,105,137,112,117,117,105,65,113,78,90
2019m1,176,176,90,108,105,119,99,92,106,106,110,105,102,100,108,111,106,113,"81,25","76,20","75,77","80,06","71,59","78,82",1,111,112,106,103,110,95,107,112,109,99,107,110,95,104,109,112,110,107,82,96,82,105
2019m2,176,176,93,109,110,123,105,103,114,115,104,100,103,101,110,117,110,118,"84,68","80,09","80,12","69,55","77,34","83,62",1,112,111,105,103,110,95,109,117,104,100,114,118,100,113,111,113,104,111,83,107,80,104
2019m3,262,262,108,127,123,140,114,122,142,146,98,94,121,118,112,133,124,136,"86,17","82,22","81,10","67,91","80,70","85,46",1,112,111,106,103,110,94,112,138,98,118,125,147,117,129,111,131,98,126,89,131,92,111
2019m4,220,220,99,115,111,128,100,106,107,105,97,93,107,104,109,125,112,122,"85,64","86,43","81,60","62,49","86,76","85,45",1,111,112,106,103,110,94,109,121,98,103,110,110,107,115,109,119,96,114,76,101,86,103
2019m5,234,234,95,111,116,132,118,123,109,108,96,93,110,107,110,130,118,128,"80,97","85,18","78,65","59,42","84,56","79,87",1,112,112,106,103,110,94,109,125,98,105,129,112,101,120,112,123,93,118,92,102,84,107
2019m6,261,261,99,122,109,127,108,121,118,118,95,92,112,109,112,134,114,127,"79,42","76,34","78,53","52,96","75,61","78,07",1,111,114,106,102,110,95,111,127,98,105,119,120,106,116,112,125,90,123,84,112,87,96
2019m7,217,217,100,107,117,133,115,124,119,119,98,94,111,107,103,120,116,124,"80,71","77,04","81,03","52,73","77,78","78,85",1,111,115,105,102,110,95,100,123,98,103,124,121,107,122,110,126,98,124,93,115,90,108
2019m8,208,208,65,89,104,121,56,72,101,104,101,97,100,98,108,128,96,108,"78,89","71,59","76,05","51,85","72,96","75,77",1,111,116,105,103,110,95,106,112,98,92,62,105,67,107,111,117,105,115,44,92,63,99
2019m9,216,216,101,115,118,138,108,116,128,132,103,100,112,109,105,127,120,131,"80,46","75,56","77,32","58,19","75,96","76,44",1,111,115,105,103,110,95,103,129,99,103,116,135,109,124,109,131,112,128,88,115,88,108
2019m10,227,227,101,121,115,129,114,123,108,107,104,100,113,112,105,126,122,130,"80,12","72,67","76,46","59,12","72,46","76,41",1,111,114,105,103,110,94,104,125,99,105,124,111,106,118,109,129,113,128,92,101,95,109
2019m11,241,241,95,110,117,135,103,118,104,104,105,101,109,103,104,115,118,129,"80,39","76,62","76,22","63,47","76,42","77,77",1,111,113,105,103,110,93,101,123,99,100,112,106,102,123,110,128,114,126,81,101,82,106
2019m12,263,263,93,119,114,136,86,136,120,121,106,101,102,95,102,124,112,133,"80,71","79,08","77,47","56,01","80,15","80,65",1,111,112,105,103,110,93,99,123,100,93,95,126,104,131,108,119,116,117,64,108,76,83
2020m1,130,130,86,104,98,111,95,89,104,103,100,96,98,92,104,110,102,108,"80,50","76,06","77,70","48,63","77,97","80,04",1,112,112,105,103,111,93,102,104,94,87,102,108,91,97,108,105,110,116,79,95,79,100
2020m2,130,130,90,106,103,117,102,100,105,107,95,91,98,93,108,117,108,114,"76,02","66,31","73,02","43,79","67,49","75,49",1,112,113,106,103,111,93,107,109,89,89,111,107,97,104,110,107,105,114,80,99,79,101
2020m3,255,255,78,95,113,132,72,89,131,134,89,86,106,100,107,131,108,120,"70,50","42,65","68,71","41,61","40,74","68,78",1,111,115,105,103,111,92,107,125,84,95,78,133,83,117,107,126,99,128,58,128,69,105
2020m4,241,241,51,64,81,93,51,55,95,93,85,82,61,57,91,109,78,84,"67,29","31,63","65,55","37,97","26,62","67,13",1,111,115,105,102,111,90,87,99,82,52,56,98,54,81,98,103,92,78,39,90,45,81
2020m5,256,256,66,78,85,99,87,89,82,81,82,78,69,65,94,112,89,96,"68,89","39,25","68,01","35,60","38,44","69,54",1,111,116,105,102,111,91,92,102,80,60,96,84,70,87,98,106,85,86,67,79,60,83
2020m6,283,283,94,119,104,122,97,107,103,104,78,75,92,88,99,127,107,119,"74,34","48,52","73,68","33,99","49,92","76,37",1,111,116,105,102,111,92,99,118,78,83,106,105,99,111,100,121,78,109,75,98,85,91
2020m7,244,244,91,98,101,118,106,119,99,101,82,79,94,90,96,116,104,113,"80,18","51,65","79,09","34,91","53,22","84,57",1,112,117,105,102,111,92,94,114,80,83,115,99,97,103,100,122,85,113,85,99,82,97
2020m8,233,233,59,83,88,102,54,70,83,86,86,83,86,82,101,121,86,95,"83,59","54,30","83,48","45,85","54,96","86,25",1,112,116,105,103,111,92,101,104,83,72,58,85,60,87,101,115,92,112,44,80,58,88
2020m9,244,244,95,112,109,129,102,115,106,110,90,87,104,100,101,125,114,126,"85,18","51,17","85,12","46,07","51,36","88,99",1,112,116,105,103,111,92,101,122,86,89,108,107,100,111,100,134,99,131,88,104,86,105
2020m10,258,258,100,113,107,122,107,119,105,106,92,89,101,98,105,126,114,122,"86,28","51,62","85,49","54,72","50,48","89,10",1,113,116,105,103,111,92,104,122,86,88,114,107,106,107,108,135,103,124,93,102,90,107
2020m11,274,274,94,117,112,129,103,120,108,109,94,91,106,,103,115,116,130,"91,45","55,30","90,28","59,06","53,52","93,82",1,113,,105,103,111,91,100,124,87,93,109,111,100,115,108,135,107,130,90,101,84,108
2020m12,296,296,94,120,113,136,88,132,117,118,97,93,99,,101,128,113,137,"98,04","63,75","99,65","63,86","61,65","103,15",1,114,,105,103,111,92,98,124,88,92,96,120,105,124,106,126,111,111,71,110,76,91
2021m1,215,215,84,98,91,103,90,93,102,103,94,90,88,,107,114,97,106,"99,71","69,88","102,84","73,02","67,82","105,80",1,113,,106,104,111,92,106,109,87,78,93,105,89,89,109,116,106,107,81,96,76,93
2021m2,215,215,89,108,103,118,104,108,112,113,91,88,99,,108,121,108,119,"105,02","80,38","106,39","97,48","76,50","112,42",1,114,,107,104,112,92,108,116,86,86,109,116,94,102,107,120,101,122,90,103,81,103
2021m3,310,310,109,129,124,147,118,134,143,148,89,86,125,,112,144,130,147,"109,04","80,77","110,22","65,62","80,76","119,29",1,116,,107,105,112,93,113,143,85,117,125,148,119,126,110,146,96,141,102,135,95,120
2021m4,282,282,94,115,108,125,110,117,116,116,89,86,105,,113,135,114,127,"113,47","80,80","115,32","71,28","79,64","123,76",1,117,,108,105,112,93,114,130,87,97,117,120,100,109,111,134,93,119,92,108,83,106
2021m5,292,292,86,103,103,123,112,127,103,104,89,87,103,,112,135,112,126,"121,93","86,28","125,79","83,47","84,01","134,87",1,119,,108,105,112,95,113,125,90,95,120,106,93,104,110,128,89,117,94,97,76,101
2021m6,322,322,107,136,116,139,112,135,129,132,90,88,117,,113,149,125,144,"118,99","93,92","124,27","94,73","90,84","127,83",1,121,,109,106,112,97,115,139,92,109,119,133,115,117,109,141,86,130,96,120,94,113
2021m7,264,264,95,101,111,131,114,131,120,122,93,91,105,,108,134,116,129,"119,34","98,29","124,52","112,68","92,72","125,43",1,122,,110,106,113,98,108,129,94,96,122,124,104,112,109,134,91,123,94,111,82,108
2021m8,254,254,64,91,101,119,61,81,103,108,97,95,99,,110,142,98,111,"120,87","96,32","119,04","129,82","87,13","124,36",1,123,,111,107,114,98,111,120,97,90,67,112,65,99,109,126,97,116,49,86,61,103
2021m9,259,259,102,118,115,142,112,133,123,124,101,98,116,,109,147,125,143,"124,12","107,18","116,81","178,40","92,10","123,76",1,124,,111,107,114,98,109,136,99,108,120,131,109,117,109,142,103,131,95,107,90,112
2021m10,270,270,97,117,108,130,108,127,114,115,103,101,99,,112,142,117,132,"130,01","123,37","121,38","222,53","103,82","130,45",1,126,,112,107,115,99,111,130,100,89,115,121,103,110,114,137,107,118,91,99,89,106
2021m11,292,292,94,116,116,142,111,136,122,124,105,103,110,,110,134,124,143,"125,18","115,01","114,02","202,59","101,11","129,12",1,128,,113,108,115,98,108,135,101,100,121,130,98,119,113,143,111,127,89,104,88,110
2021m12,311,311,101,135,118,149,94,150,128,131,107,105,101,,107,149,123,150,"125,21","112,37","116,72","236,49","92,19","126,76",1,129,,113,108,116,98,106,135,102,90,103,137,113,129,110,132,114,121,73,109,81,98
2022m1,236,236,86,108,95,120,87,101,110,111,103,102,95,,111,130,103,120,"133,22","121,31","125,23","196,91","106,17","129,83",1,132,,115,111,118,98,111,117,100,85,92,118,91,92,111,122,109,112,74,95,78,99
2022m2,236,236,91,118,104,129,107,121,118,118,100,99,98,,116,139,114,132,"138,91","131,27","131,18","197,52","118,35","131,96",1,133,,116,112,119,99,117,125,98,89,113,125,98,103,115,127,104,116,91,104,79,106
2022m3,329,329,108,137,121,151,125,154,152,156,97,95,122,,118,166,133,158,"149,89","163,19","141,28","271,08","142,20","135,78",1,136,,117,112,120,99,119,149,96,109,134,161,115,122,115,152,98,145,102,134,97,120
2022m4,267,267,88,117,100,127,104,129,114,115,,,95,,117,,113,135,"146,09","153,19","138,09","243,44","130,84","134,86",1,138,,118,113,121,99,119,128,,85,111,120,92,99,112,135,,114,86,102,81,101